model,size,lib_bertscore,lib_squad_f1,lib_confidence,lib_speed,lib_weighted,llm_accuracy,llm_quality,llm_confidence,llm_speed,llm_weighted,average_weighted,avg_time,confidence_gap
T5-QA-Generative,base,0.8196241855621338,0.5423728813559322,0.4,0.44186598764772955,0.5887415834328892,0.64,0.74,0.4,0.44186598764772955,0.602186598764773,0.5954640910988311,1.080946397781372,0.0
RoBERTa-SQuAD2,base,0.7900854349136353,0.28,0.49658079702894614,0.9631974982773353,0.6151547262186091,0.68,0.78,0.49658079702894614,0.9631974982773353,0.7016359092335227,0.658395317726066,0.07127594947814941,0.04829039851447306
BERT-Large-SQuAD,large,0.7900854349136353,0.28,0.5805037125421222,0.8499933880497351,0.6191548385627631,0.6900000000000001,0.8,0.5805037125421222,0.8499933880497351,0.7171000813133979,0.6681274599380804,0.2905200242996216,0.09025185627106108
DynamicRAG-8B,8B,0.686343252658844,0.0,0.39749611623119563,0.0,0.3395941674883943,0.716,0.8150000000000001,0.39749611623119563,0.0,0.6103992232462391,0.4749966953673167,1.9367147922515868,-0.001251941884402186
DistilBERT-SQuAD,small,0.7900854349136353,0.28,0.55334434005199,0.9745902295835077,0.631054521670296,0.6300000000000001,0.76,0.55334434005199,0.9745902295835077,0.6881278909687487,0.6595912063195224,0.0492114782333374,0.076672170025995
BERT-Tiny-SQuAD,tiny,0.7619922757148743,0.1702127659574468,0.40778932051653105,0.995884341023196,0.5605804692721799,0.86,0.89,0.40778932051653105,0.995884341023196,0.7921462982056258,0.6763633837389028,0.007970857620239257,0.003894660258265503
